Model,Accuracy,Precision,Recall,F1 Score
Logistic Regression,0.93,0.9315169166750807,0.93,0.9305817650368436
Random Forest,0.9175,0.9189243600275226,0.9175,0.9170125512200253
K-Nearest Neighbors,0.8855,0.8828380471265674,0.8855,0.8839298190597902
Decision Tree,0.8815,0.8841030444575637,0.8815,0.8827066361447097
